{
  "epoch": [
    1,
    2,
    3,
    4,
    5,
    6,
    7,
    8,
    9,
    10,
    11,
    12,
    13,
    14,
    15
  ],
  "train_loss": [
    0.8979135122299194,
    0.6220140839219094,
    0.5517629517316818,
    0.516231247022748,
    0.4372116450108588,
    0.4039083165600896,
    0.3658739443831146,
    0.3256017618086189,
    0.34526860106550156,
    0.29774070365913213,
    0.3219120298922062,
    0.2583532668473199,
    0.25068542606011035,
    0.2566671895030886,
    0.23022403266001493
  ],
  "train_seg_loss": [
    0.006321347024990246,
    0.0058648056437959895,
    0.0054971358238253745,
    0.005580363260116428,
    0.005094684177660383,
    0.004932178156566806,
    0.004760699659236707,
    0.0045108711824286725,
    0.004370798297633882,
    0.004256525862496347,
    0.004331087569647935,
    0.004106422712095082,
    0.0040593973917420955,
    0.003950311867520213,
    0.0038490840254817157
  ],
  "train_clf_loss": [
    0.8915921663641929,
    0.6161492784768343,
    0.5462658175081014,
    0.5106508843228221,
    0.4321169601865113,
    0.39897613902390006,
    0.36111324435845016,
    0.32109088977705685,
    0.34089780394360425,
    0.29348417788557707,
    0.3175809409301728,
    0.2542468442479148,
    0.24662602828769015,
    0.25271687781624497,
    0.22637494821008294
  ],
  "val_loss": [
    0.45539519715309146,
    0.4842426612973213,
    0.38459120324254037,
    0.3507989016771317,
    0.35936724239587786,
    0.5061959192901849,
    0.30945009268820284,
    0.5483574955314398,
    0.32663818019628527,
    0.3944007024616003,
    0.3017197709754109,
    0.5094081242978573,
    0.1485133742839098,
    0.24135253151785582,
    0.7568584017902613
  ],
  "val_seg_loss": [
    0.006397408823482692,
    0.005752763169817626,
    0.005387539286864922,
    0.004863515442237258,
    0.004834784364560619,
    0.004556809638626874,
    0.0045925921760499476,
    0.004933084131684154,
    0.0040446006734855475,
    0.00421508900821209,
    0.004840964699396864,
    0.0045094328324776145,
    0.004033852008986287,
    0.00395564459823072,
    0.0054479498639702795
  ],
  "val_clf_loss": [
    0.4489977881908417,
    0.47848989856243135,
    0.37920366463065147,
    0.3459353874921799,
    0.3545324582159519,
    0.5016391091793776,
    0.30485750059783456,
    0.5434244102835655,
    0.32259358167648317,
    0.3901856126822531,
    0.2968788079023361,
    0.5048986944407224,
    0.14447952206432818,
    0.237396887649782,
    0.7514104538559914
  ],
  "val_dice": [
    0.751940734386444,
    0.7601318960189819,
    0.7810585031509399,
    0.7768411684036255,
    0.7662866435050965,
    0.803939148426056,
    0.8066453847885132,
    0.7784862813949585,
    0.818556918144226,
    0.8017217264175415,
    0.7824339547157287,
    0.7941559562683106,
    0.8099594655036926,
    0.8301051869392395,
    0.75988090133667
  ],
  "val_acc": [
    0.828,
    0.824,
    0.86,
    0.871,
    0.878,
    0.794,
    0.887,
    0.796,
    0.874,
    0.863,
    0.916,
    0.815,
    0.945,
    0.92,
    0.772
  ]
}