{
  "epoch": [
    1,
    2,
    3,
    4,
    5,
    6,
    7,
    8,
    9,
    10
  ],
  "train_loss": [
    0.03211027958383784,
    0.011198678379878401,
    0.008425440574996173,
    0.007001932702492922,
    0.006274467357317917,
    0.005546802931465209,
    0.005122318014269695,
    0.005019812211219687,
    0.004556726732291281,
    0.004187690802908037
  ],
  "train_seg_loss": [
    0.03211027958383784,
    0.011198678379878401,
    0.008425440574996173,
    0.007001932702492922,
    0.006274467357317917,
    0.005546802931465209,
    0.005122318014269695,
    0.005019812211219687,
    0.004556726732291281,
    0.004187690802908037
  ],
  "train_clf_loss": [
    0.0,
    0.0,
    0.0,
    0.0,
    0.0,
    0.0,
    0.0,
    0.0,
    0.0,
    0.0
  ],
  "val_loss": [
    0.013856492290273309,
    0.009572803953662515,
    0.007451781755313277,
    0.00796537059172988,
    0.0073682050462812185,
    0.007479622298851609,
    0.004692740141414106,
    0.005601916191168129,
    0.004893716356251389,
    0.004389572491403669
  ],
  "val_seg_loss": [
    0.013856492290273309,
    0.009572803953662515,
    0.007451781755313277,
    0.00796537059172988,
    0.0073682050462812185,
    0.007479622298851609,
    0.004692740141414106,
    0.005601916191168129,
    0.004893716356251389,
    0.004389572491403669
  ],
  "val_clf_loss": [
    0.0,
    0.0,
    0.0,
    0.0,
    0.0,
    0.0,
    0.0,
    0.0,
    0.0,
    0.0
  ],
  "val_dice": [
    0.513519070148468,
    0.6482345685958862,
    0.7045469083786011,
    0.7076479563713074,
    0.6459963927268982,
    0.7362468404769897,
    0.7871317410469055,
    0.7795891346931457,
    0.818218017578125,
    0.8095659465789795
  ],
  "val_acc": [
    null,
    null,
    null,
    null,
    null,
    null,
    null,
    null,
    null,
    null
  ]
}